"fee_id","amount","status","due_date"
"b6b6ed72-f751-43c5-9b90-e4df14d0980e","16566",,"1996-11-03T17:54:57.340"
"f7256581-d9a1-4ce4-8d81-aefa4538c00c","16973",,"2047-11-04T18:52:03.424"
"fc1efa81-bf51-42d0-b86c-a0dfc72bbf0b","18887",,"2071-09-10T00:48:39.112"
"9af50f68-1603-4500-bd5a-d66dcaa73741","15026",,"2011-06-16T14:14:08.034"
"85d9d640-87f2-4098-9863-6004b681d186","12573",,"2016-10-08T18:43:14.621"
"8c5111c0-21d8-4843-99eb-d1f7414efa48","8481",,"2054-05-22T10:31:13.439"
"18b28996-f4c7-4f53-b734-dd81c32faec6","9603",,"2087-05-30T21:52:36.734"
"b4936cf2-9585-4dd5-a6ed-889cf49d9fc5","7304",,"2051-11-25T05:57:25.212"
"2e8c0983-b785-4a4f-b832-19a8c8cdf3a1","17908",,"1996-08-02T12:51:32.489"
"9d54810e-3f7e-4586-8f43-f33c58beeb47","1155",,"2095-01-23T03:09:43.390"
"d200b220-ed66-4429-b966-542096ce8846","19448",,"2087-12-31T23:05:21.028"
"09bdd822-3d9c-404b-a0d0-b53a5ae25dc9","9900",,"2066-03-26T04:55:27.218"
"9582f011-7a92-401a-a873-6e424fac7f02","18931",,"2037-12-24T14:15:06.911"
"c1a6b83e-c946-48c1-a3da-d3be9ad1adca","3608",,"2052-03-19T01:32:49.559"
"e98f708e-d804-4974-9d54-cd185d370972","4455",,"2006-06-05T15:14:28.924"
"02be8987-56ad-4a2e-8bbe-57ef890c9ec2","4015",,"2033-12-27T05:39:23.409"
"cd466bc0-6f78-4d29-bf24-f6084f33a2a2","15895",,"2063-06-01T10:43:14.764"
"56242b26-9a1d-4829-af63-8a6d67733c81","8162",,"2047-11-14T13:46:01.035"
"5f9b81df-da86-4c8a-a837-75518eaac65d","4972",,"2049-01-16T11:56:23.606"
"2a32c5df-605f-4221-808a-ab86cf9bf2d0","14080",,"2025-11-29T09:18:04.317"
"59eb83c1-b53b-43df-838e-a5627162e576","18964",,"2098-10-21T16:42:54.225"
"04285977-1b3b-4ac4-8b08-51596f8c0e98","3685",,"2054-07-02T23:20:41.630"
"6d8c7fc2-1082-4a11-b2c7-7964aa1ddfa8","9526",,"1993-10-27T21:44:39.772"
"b25a58ea-95aa-4746-bfc0-06757bd6d5dc","18348",,"2086-10-02T12:07:41.059"
"2f470653-650a-44b2-9bd6-87f8126db3b0","13860",,"2098-11-15T14:43:10.235"
"4ed6110f-466f-41a8-b3b2-6310d63c9dd8","9119",,"2038-07-04T20:05:16.832"
"e7b82b31-c9e5-499b-a682-39b208c326f8","2431",,"2013-03-15T06:48:06.625"
"76e34831-a51b-4d53-b2d1-e1a83d6143a6","13464",,"2057-09-27T00:31:14.139"
"254f7106-f32b-4b14-a9d2-f9ec1a31a47b","14718",,"2054-08-11T14:50:18.215"
"9c94d706-54dc-43c2-84be-7efccb7ed944","12276",,"2084-02-12T18:15:31.597"
"0e9cdb59-c643-442e-9cbc-8dbdd6ef70bf","14696",,"2034-02-14T00:21:56.739"
"5775af94-10c9-46aa-b324-9089f10bbefb","4235",,"2033-03-08T14:57:24.530"
"d4b40e4e-48e6-475a-8e8e-60693cfd7c3f","12276",,"2026-09-23T22:00:50.642"
"dd2a13e8-84ed-4800-b02f-1da1cb79c021","16324",,"2059-04-08T08:42:08.370"
"5904c402-4835-4a29-b3d9-2292cc60a6fc","4411",,"2070-06-01T04:15:07.149"
"897bd9a4-c1a9-4db5-9e9f-7ac1d3e1079a","7898",,"2082-02-07T02:14:04.215"
"4fa4a295-9521-4bfa-bddb-13b1d1818d09","5918",,"2090-03-17T01:07:50.416"
"a0e4eb3c-6a2e-48bb-86ec-647ddc3e7c18","15609",,"1997-04-16T06:13:15.570"
"d1635dcf-2a22-4ab3-b310-e987079ffe65","1507",,"2045-01-27T23:49:08.326"
"890b0b1d-8607-4e5b-9bff-f2ee98724296","11704",,"2072-06-07T17:46:46.854"
"417039cc-ddb8-4789-b445-c714e1526b2a","14113",,"2099-10-20T19:31:27.751"
"2f6b55ad-bbf2-4279-bd63-a134c2853242","15246",,"2042-11-25T19:08:02.320"
"44374761-0ccd-4cd4-8ff3-bbe5ed4dfb01","16093",,"2028-09-16T16:44:02.150"
"3d8259db-13fd-4f45-a37f-ed0cf2e36a86","11770",,"2092-10-03T17:19:44.667"
"bd9e59c9-c2d1-4d4c-a94e-364950f0a931","10120",,"2089-09-23T07:37:16.432"
"1d8d4e11-3a3a-413c-b2ff-ccc871d10254","10219",,"1993-12-11T23:53:55.065"
"f5ea2a6f-8a76-44a2-ae42-b64876a79a08","10439",,"2024-12-29T16:35:03.502"
"5452101c-0769-426e-b032-1882a263a23b","9339",,"2085-08-30T13:46:36.363"
"e94b7816-1a9b-48c2-8cef-4e2da5eff8e9","17281",,"2053-12-18T08:17:49.966"
"006c5f41-9fcf-48c9-b73d-43ef412dd22e","3311",,"2094-02-17T22:39:28.085"
"4ae54c66-7054-44ff-a9d1-a1566445307e","11770",,"2067-08-08T17:44:17.036"
"ff285c26-ff88-4c76-89c2-d24be22932f9","19888",,"2000-05-09T12:29:24.342"
"b2b32f0d-a258-4d3b-857c-be372b0da338","17754",,"2083-04-15T01:07:47.296"
"b4a1b7b2-1230-4408-a110-2603238a6a1b","6204",,"2099-08-08T18:07:48.339"
"a6156ce8-e937-411c-ad01-3c947ecabd77","2145",,"2056-01-24T07:32:33.457"
"d138cb11-079a-4eb9-aae0-613bb829ae8a","6435",,"2009-12-03T06:35:45.897"
"c19bb4f6-d605-49f5-8505-8cce38351e22","18634",,"2040-12-14T11:10:55.031"
"a460a37e-a91f-4e65-93dc-12c2c9553786","17446",,"2050-07-31T10:00:35.914"
"ae32c795-ab56-4487-9ca8-09a242d5ebf9","18997",,"2006-03-12T00:56:01.910"
"3221cf26-bdb4-450b-af4c-5949761810c1","15422",,"2005-06-24T18:58:16.837"
"39732b6c-0046-45d8-bdc5-769ee4d99ae4","9493",,"1991-03-11T16:30:49.127"
"f4e0c14f-107a-4910-981c-15e05125e4d7","2156",,"1993-05-08T06:59:47.510"
"0e9c923f-c68b-4004-98e2-066b0b03a953","1639",,"2062-10-13T04:06:44.271"
"48dff3c3-f43e-44a2-abf0-dcdbba55c828","9306",,"2043-08-13T19:46:30.766"
"eae5e8aa-8780-41fe-9133-ed37ba3f31c2","6149",,"2060-03-29T12:17:26.558"
"15c6f07d-876f-4b20-8a59-200dbabef738","13079",,"2048-04-21T11:09:32.690"
"26416b85-770d-4f93-9347-3a0d62492090","1672",,"2073-11-27T20:36:46.697"
"96b98d8d-1585-40bf-8eaf-1dc247a2075f","2739",,"1993-12-28T10:30:33.868"
"2aa0a96b-69f1-405d-af18-ad780d591b4d","18513",,"2053-10-05T19:41:52.936"
"7973711e-efd6-41aa-9c12-f98221f19f6a","1419",,"2061-06-30T16:18:06.007"
"75d0cc7c-e78f-4b29-a025-2b465a7464ed","19877",,"2034-07-28T05:04:03.560"
"b39f3560-a7e6-40e3-bc73-c7be46acd6dd","9944",,"2084-11-20T18:24:46.165"
"7c56bbb8-55f3-4517-9cfc-ad3b72ee1e08","10472",,"2028-01-09T03:13:21.939"
"da7d4529-ebea-4db7-8a29-b57cf8cc85ef","1540",,"2000-01-13T20:43:09.725"
"55579b70-d4dd-43a3-b24b-409972d058de","16027",,"1998-11-11T20:43:45.277"
"7bdadf11-7c87-4103-94ae-ae513068cbe3","4543",,"2075-08-09T06:43:40.672"
"7959a3ae-da52-4e36-bdac-3809954d164d","19448",,"2026-11-12T23:45:18.218"
"45cdbfe1-ba69-4efb-abe6-927c936c7950","13948",,"1998-12-27T03:22:45.243"
"81597c02-c554-4f11-9954-c7f85804a6a3","2783",,"2042-11-18T14:48:10.087"
"6d3087ae-e4c1-44ec-baf7-23cc647fe54e","5258",,"2009-02-01T19:45:03.885"
"c79d7b93-d5bb-44f5-b3a7-c402e8ae9c83","4554",,"2029-12-12T05:19:37.563"
"c10e7048-f25a-44d5-a9e0-0cd181a7164e","9405",,"2057-04-28T07:15:06.303"
"87da69f0-d4c8-4400-a1f6-c3ceaa598b0d","15466",,"2082-04-02T22:09:19.632"
"e6068dc9-9ae4-468b-8a37-cc7ef671cd5b","14916",,"2072-04-24T21:13:32.576"
"c65cb977-e609-438e-989a-b1d2d0dc0402","16247",,"2094-12-19T14:13:26.226"
"6c173caa-c52c-4334-a2b1-34439a415808","13970",,"2021-02-22T00:46:23.271"
"38d89d73-abb3-42da-8ba6-97f3bae5ebe8","8657",,"2094-08-16T04:47:03.752"
"02e1572c-4f1a-4203-beb7-0ce5efc2596f","15587",,"2056-07-02T02:50:51.750"
"36558abe-019b-4a6e-ab1a-3cb6bca4c783","5720",,"2084-11-09T22:03:33.000"
"a17bf0b0-f161-47fb-b31f-e14361c2d4c2","4664",,"2078-12-20T20:31:11.447"
"1ceeb4eb-17ca-4dfd-b149-f0b6734042dc","10384",,"2029-05-20T23:17:24.188"
"d6c0ff43-5c4a-4c47-97f1-ef1b3c3c0332","12298",,"2012-01-21T23:01:05.150"
"0b7965c8-4021-4a96-83fb-b13823bc300e","19272",,"1998-09-30T16:25:16.347"
"149191cb-d036-4ac2-9bc2-0e62e7778e37","19954",,"2031-02-12T13:12:52.191"
"e499aa6f-4255-4bb0-85e0-8d63e6d1fa41","17688",,"2006-01-26T04:51:49.469"
"4ff09140-6fd6-4874-9d29-a8556a45ed08","13244",,"2049-05-22T08:54:53.403"
"48ff89da-f417-4769-b9c5-34868e93d44c","2134",,"2051-12-28T18:25:58.361"
"ac4f7ce0-439e-4a88-b7e2-8a3c93ae492c","7942",,"2035-12-13T02:03:56.926"
"dfa68f79-c407-4c7f-ac4b-3d549de730d1","15004",,"2006-03-24T04:48:49.837"
"0c76a271-fe54-468d-a9dc-5853b1855b09","18414",,"2020-03-16T01:01:26.605"
"934a6283-9028-4479-a640-91b5cea2485d","5654",,"2023-12-20T01:06:07.865"
"b92a866f-0b1f-4442-b086-ef9b396b2cd7","19393",,"2024-12-24T07:13:20.366"
"65dc68b6-3db5-4e83-97eb-8631ebf25a7e","1507",,"2026-09-23T02:35:11.035"
"16264e8c-7f9b-4a75-82ec-b6335698da79","8921",,"2011-01-21T12:40:05.945"
"9b8875e6-90b1-4180-ac7f-72044cd838c3","13948",,"2067-07-04T23:54:12.521"
"e4c6a7ab-8689-4093-ba43-831fabc7315e","836",,"2057-11-15T00:30:06.979"
"8ca874dc-31a6-4600-8b67-50c8dea36cd7","9218",,"2040-09-14T20:39:21.393"
"52172f5d-b1eb-4b86-9424-51c824595f9d","10780",,"2053-04-23T16:27:21.300"
"c6419e28-1b86-4c2f-8513-3bcee6451eba","4906",,"2039-06-14T20:27:44.975"
"63d3abdf-3e06-43e5-8898-7717813d0d11","16896",,"2027-11-21T09:30:37.928"
"1f4c4764-d7f6-4a6c-9d38-60d11985e19c","19371",,"2064-06-02T10:10:33.889"
"40ccba4e-d136-41ef-b5be-7076099baacf","4851",,"2089-07-01T12:50:52.005"
"0b0bae0e-b18e-4ae6-a9c5-3d6819d00e81","7348",,"2042-10-11T16:03:17.956"
"d40cb3fb-3b29-4e9f-9447-e480408d8113","15004",,"2004-02-23T11:15:05.701"
"be2dc90d-35bd-4110-a6d8-3c951cb48b1f","19162",,"1991-11-23T20:22:50.594"
"87913b2a-f27a-4d04-8936-5d0df93b9a4d","11605",,"1998-04-07T21:13:39.189"
"511f2e64-68ba-4a87-9133-bbef7512fd00","7887",,"2060-07-30T22:09:16.001"
"a2be7801-382c-4ddc-8767-3f069c13336d","18865",,"2092-10-01T13:05:50.699"
"8d700ef9-1993-4cd3-ad90-32efe9e42263","8976",,"2081-08-21T23:45:30.705"
"6ef1ca79-4cd3-4e27-8487-4bb185fd88e0","10560",,"2081-11-19T09:00:09.389"
"c2b3b6a2-8165-42c0-8dec-4f9b9cc86fd0","3487",,"2067-09-10T10:53:23.169"
"d40c1c25-1140-4162-b3ad-746d07e31f2a","8063",,"1999-12-15T06:10:06.507"
"a8153143-41a9-4faa-b32d-1451a9e1d35c","6457",,"2057-03-14T08:37:08.802"
"15ec791f-ba4d-4f97-a3dc-6742ca96c602","18887",,"2009-10-12T10:34:20.770"
"da9ffbcf-387c-4b5d-8107-eb64121546c6","10923",,"2071-07-25T18:44:43.069"
"52e01d80-449e-492a-a298-54bc5621dfb0","3905",,"2037-11-22T01:36:49.300"
"dc22b019-8ee5-4a06-9ee4-9d0f42cc3cd5","3212",,"2023-03-06T08:39:35.780"
"239e6b22-61cd-46dc-892a-32eecc04fb4c","7601",,"2010-06-08T09:29:39.184"
"545f0fa3-40b9-4497-a6ad-051736815879","14817",,"2020-03-08T21:09:58.106"
"7941d677-1b83-4d81-b9a5-cfb7c823537e","17061",,"2043-05-04T07:26:21.827"
"00f56205-4e8e-47bc-b817-727a734dca95","7821",,"2032-08-29T15:26:57.500"
"199db287-0b9c-4228-8ad8-1f711a627ac4","1683",,"2046-05-12T20:44:53.389"
"7d662d89-06c0-40f5-8c15-ebf81264417a","2365",,"2028-08-09T02:08:15.109"
"751f3b63-acce-40f1-81ec-b6a97be84093","3102",,"2012-03-15T10:41:59.697"
"18034359-676d-4dcd-b529-95733526991c","2695",,"2005-12-21T17:41:11.318"
"6e3b690c-e079-408b-a514-28d1c63971a3","4818",,"2061-12-11T12:59:01.474"
"ca7e22e2-d10a-455c-80dc-bee68ad53a19","14377",,"2063-04-30T20:13:47.576"
"b61c0274-b8f9-4069-8175-d529cf41a36d","13255",,"2077-01-06T02:58:42.749"
"ab41db74-1368-46e0-9217-ae14ac2fafec","12661",,"2085-12-13T09:04:56.245"
"63fe27b2-132a-4dbd-ab5d-5906944be96c","16313",,"2003-04-13T10:15:41.248"
"25a079e2-debb-4669-94cc-44a5c0e541fa","7183",,"2069-04-09T21:02:59.664"
"8c8c8bd9-289b-46f3-a87e-7f00400f23e8","2717",,"2052-12-30T02:11:28.818"
"979f2e43-6b0e-4885-85d0-e30282ef9a32","16709",,"2080-05-11T21:39:04.428"
"54b02b7f-48e7-4394-b292-47fe62f9a591","9724",,"2007-02-15T01:21:09.858"
"fcff299f-a255-4319-9ea8-13700b8b6266","18458",,"2099-02-11T19:08:34.865"
"07bff626-ec17-4ac9-bc72-542cd9c16829","3641",,"2075-03-09T04:01:12.011"
"2da7710c-35b3-4bae-9cc1-0d05056e115b","1540",,"2044-11-27T00:42:36.957"
"74b96b4e-1eea-4e1f-87e4-73a1d32c77e0","11715",,"2038-04-01T09:15:44.799"
"ff0b6bd6-5704-45df-a4c6-9400c2b5403d","6787",,"2067-03-11T23:02:39.980"
"6539b491-9893-4b12-ac4d-89b4b7bf5e5d","12496",,"2054-02-26T00:03:12.702"
"e4399127-6d75-4d76-b956-89c348ed0b5a","19052",,"2055-08-19T23:09:03.474"
"8ab68621-05ca-4a05-9833-453ff1c7867b","17127",,"2084-12-31T04:41:26.797"
"e7ad5598-935b-4d6b-a015-65158ae94ca7","2893",,"2071-06-22T19:56:16.173"
"ff504942-9957-43f4-b696-2e8a5de75adc","7953",,"2009-08-29T02:47:46.640"
"34c92daf-a9e3-4450-91c0-3e08c994cf78","19734",,"2041-07-25T02:40:30.400"
"6fea7f4d-fdc4-462a-bef5-5ae1a5ee2058","9713",,"2083-06-02T21:10:52.186"
"333b7f83-bacb-4790-a42e-e1c2ce5bf6c3","8173",,"1996-07-30T21:33:50.083"
"dfbe62b2-0b3b-4a78-9201-629a6e336599","10329",,"2024-02-20T09:22:26.062"
"361ee571-1612-4031-b0e4-829aecebf0d8","17039",,"2011-11-16T21:02:19.497"
"e9302351-9fb1-4cce-9c65-98d1201f7ad9","770",,"2022-02-19T19:44:54.768"
"1b84eefd-2348-4dfe-a238-3abe6ba7d487","16511",,"2097-09-06T02:04:32.715"
"d8f04b4e-adb8-434e-8530-344c22731d60","18645",,"2034-02-16T01:16:34.659"
"7e39c20d-e8e4-4ece-a1b6-75da0d6c9435","10461",,"2023-06-18T23:16:31.068"
"aac6f887-2603-46f1-862b-391bf0d9401b","2739",,"2069-10-23T23:38:39.063"
"8dea9e6d-e3a8-4b67-9c64-2997a46df457","1540",,"2018-03-22T13:31:16.361"
"32e1784a-e22f-4297-bb1b-29424ff21336","3905",,"2003-05-14T11:26:52.313"
"89550fcb-db2a-43a8-992c-5f6f65aa0097","1672",,"2098-07-17T01:56:28.203"
"52549c68-a951-4b57-85a0-d1a38b7e2200","2915",,"2072-03-22T02:29:35.050"
"5474dad7-420e-43c3-98ae-f947c9f3ade0","5973",,"1990-09-15T19:01:07.796"
"48f4ba3f-f40f-4d90-9457-b04e0ef11255","5742",,"2044-07-03T10:26:20.742"
"661b0446-03c0-4340-9e11-6baf8bec61d4","11099",,"2062-05-27T17:44:08.986"
"a85e0fc2-3ca4-4e54-ad05-0f2c896081c6","16830",,"2045-01-04T05:05:58.124"
"b2dc500f-a3aa-49ca-a415-8021fe89f591","12804",,"1990-03-25T12:10:48.668"
"6975df68-f8c5-4734-a6a6-ee34090284a2","11275",,"2053-05-29T22:24:48.141"
"5666be8b-6360-4d75-950a-6694230a6803","17600",,"2086-04-17T11:05:15.212"
"699833c8-1632-4379-96f8-c44cef002fd2","4928",,"2068-05-10T23:18:22.612"
"11f012ac-195d-45b2-a357-a643e8337774","14597",,"2018-01-24T12:49:49.664"
"03851d17-1f7d-474f-b266-cb8fe5d5d336","3762",,"2080-06-23T15:40:04.283"
"d054f424-07f9-40b7-876e-13d842687766","14652",,"2037-12-17T11:36:59.997"
"fb75f76c-b356-49f5-b9f5-921cd03dea0b","5269",,"2010-03-07T20:25:06.903"
"63800036-eea5-4805-b880-e761ceef2528","15653",,"2004-10-15T00:37:11.448"
"5c6dff40-5809-4175-b408-d85bc5eeced6","8976",,"1996-03-13T10:16:02.008"
"5482a517-108e-4943-b93c-e01c94387a84","19492",,"2097-04-26T01:25:42.011"
"b7066551-daf6-45b8-aa57-d5fdd67043b7","17611",,"2063-03-07T20:47:45.771"
"b53d3c32-c387-4f8d-a546-73415f765e2a","7359",,"1995-01-05T11:02:01.859"
"03934f20-07aa-478f-a19b-0cfc1e439b2e","1078",,"2078-06-16T02:53:56.490"
"4498ba94-059b-44a7-8bda-6d09516dea58","7887",,"2000-11-16T05:31:28.677"
"b773bb76-235c-4cca-9ebc-9091e92e51fa","12067",,"2093-04-25T07:11:24.859"
"aeffba81-9617-43df-b58f-ad1b1004914e","12166",,"2084-08-04T17:14:51.197"
"b2e730e6-39d7-42d4-bf36-0804f74b2725","8327",,"2095-08-15T02:29:29.593"
"6e84213a-a972-43aa-b83a-b5e66eec0c1d","13431",,"2034-01-05T22:46:01.097"
"129da264-075e-4a80-a43d-c4a574c68a64","13310",,"2027-03-07T08:04:03.891"
"6200d5c0-e118-4444-8f86-7c5cfe8535e3","1551",,"2014-04-15T23:25:51.441"
"e2d50a37-6069-4aa9-a37e-8c6b0c10e43d","12892",,"2084-10-05T10:09:00.849"
"bae71df1-f551-48b5-a2e9-980a32a44bf1","6688",,"2077-02-23T19:58:18.828"
"4dbc2b7a-9f92-474a-a9ce-a1353c81acca","16665",,"2028-07-24T18:54:46.621"
"81433f5d-fd1b-4ed0-92a7-cb8870b00243","14762",,"2008-03-12T07:46:47.974"
"05416632-d68c-4374-b541-870407c669a0","19734",,"2014-04-10T18:00:50.405"
"9888c0ff-b79f-4b39-a597-95adef5c492b","8206",,"2052-07-20T07:07:31.634"
"d8dec3f7-e9b2-42d9-beaa-8fc5e1d68cf6","4598",,"2017-11-06T03:44:11.318"
"55f5909e-49f9-4a01-b23d-93d88c44b8f0","10274",,"2089-11-02T23:36:08.361"
"cad58063-df51-4223-b74e-deefdc7d9550","3003",,"2069-11-16T07:34:13.929"
"411bbc6d-4d1e-4eeb-b1a2-973a0fe98e17","17512",,"2005-08-31T16:39:29.026"
"61c878cb-2639-43ba-a193-74774cdb953c","19525",,"2024-03-02T07:14:55.749"
"57c63846-bcda-4db6-81f6-6d013a0bcf41","14883",,"2017-04-27T19:59:14.527"
"bffe304c-2e06-4bcf-9ef3-b715cf11ea45","3586",,"2007-01-25T22:26:34.391"
"0a282e7a-06ac-4755-810d-57906c5ce28f","12133",,"2045-04-29T16:45:22.974"
"e73b52ba-a34d-4637-b3f2-cda499c41e97","3894",,"2079-10-08T03:15:51.166"
"2400b904-976e-4161-b485-c53c1ec3392b","8349",,"2056-03-25T05:17:43.275"
"28e6257d-c28d-4fe7-a36b-ea1756bb9324","10648",,"1995-01-22T01:01:17.958"
"38fac3dc-0805-4719-9868-0b14504632ae","7205",,"2040-10-27T22:51:21.798"
"8e4592b7-c282-46e5-a329-1b2ad0f693a6","9713",,"2010-04-25T02:47:46.951"
"0171ba55-2042-4292-9d69-4148e90d528c","2750",,"2089-06-17T07:10:10.443"
"c2a2872e-c640-4f4d-a6bc-cad7311e91db","18931",,"2066-12-04T23:32:42.358"
"61354332-7bf8-4030-b4d4-34fa33de6411","9658",,"2072-11-25T13:14:03.753"
"aeb978a3-b9e0-46b3-b588-81cf6ea6c1a6","11649",,"2072-12-04T20:30:09.739"
"7f745fc1-62fe-4c19-b648-0671483e57e6","14641",,"2058-08-23T14:37:25.278"
"7f319226-13a2-4977-957b-09b8a3610f02","1496",,"2071-04-01T12:23:47.852"
"5bd8e73b-4b56-41b1-b4ab-c318a4831ab5","5907",,"2061-12-25T19:39:36.397"
"6b51df33-4c0b-4541-b1ca-ae44f279ba86","11616",,"2058-03-23T13:49:55.612"
"c8993c17-d7e4-4b1c-8f00-6507ac624dc6","12793",,"1994-12-25T13:56:00.543"
"e351e4c8-6726-429b-af67-dc4569cbd484","4620",,"1990-10-10T22:00:52.227"
"dbc83149-d10e-46e4-bc6e-79b59e40fe51","5478",,"1990-03-19T10:24:37.337"
"1fe48206-1d46-4318-9114-5c4318edbf06","18414",,"1990-02-20T09:29:19.508"
"01b70a86-8728-4725-a9a7-9904ad291ea3","8272",,"2032-06-02T03:37:19.280"
"25228d88-05eb-41c6-bb3e-5460a87c4105","3839",,"2078-04-27T04:08:51.215"
"2e2ffbd0-0f93-4efe-92bf-6831c5fb0c4d","11616",,"2031-08-19T09:29:34.896"
"a675406a-f0e4-4e87-8521-438c40b7359f","12573",,"2000-03-09T15:38:32.473"
"02d82e34-b6fb-4dc0-a8db-86b6799d6c32","11693",,"2023-08-08T20:02:27.490"
"1a45dc98-ea46-4a20-b257-394b517236c9","7062",,"2010-04-03T16:41:45.824"
"05cf838e-b00a-432f-b426-a09781299f81","1584",,"2055-06-23T07:29:31.719"
"0d4ee4e7-6aec-450d-b20b-d329de769f68","15345",,"2003-06-10T13:34:38.383"
"d43c2bce-0056-42c8-9938-b1cdd41a1733","6523",,"2083-12-07T01:58:09.906"
"086e8af2-a0db-4973-8261-5ddc9cca1629","19613",,"2027-02-06T06:07:57.976"
"d17da681-d283-4ba6-b80d-43ce16e4e159","12144",,"2066-06-29T07:08:44.782"
"c47a9aa4-1266-481f-8e10-d922d8975aa9","4367",,"1991-05-15T17:40:40.238"
"b2c7479c-36a3-4f62-a0d8-74e8fbbd332e","19140",,"2076-07-20T13:47:25.671"
"632d5e63-d095-4304-9428-ce3fb453e120","13090",,"2063-02-24T10:00:02.023"
"b44afb37-70e2-4b5d-8aa5-2b50a1ec9286","8932",,"2041-11-05T05:49:42.771"
"ad748acb-18e1-4d5b-8ad5-17059bd53df4","11055",,"2051-08-27T19:36:51.082"
"b75cef2f-bf76-40a9-b19b-a4b7b03fcf48","6479",,"2017-11-16T10:11:20.911"
"b53fddfd-429d-43a7-8a33-460abc9d6a9c","18414",,"2061-03-10T22:57:51.830"
"516f8435-9f96-4cc7-b034-9180c222a1a9","4400",,"2045-06-19T17:46:34.420"
"7dfbfb60-9c9e-4ee2-9e4f-26ebef72aaa7","4510",,"2058-12-09T00:05:52.710"
"e7853cff-37b4-489e-bc13-f33cc9ac5ad4","19074",,"2040-05-14T22:44:53.077"
"e0366a4f-de64-489e-97b9-b8a83c6afdd6","9614",,"2075-11-24T02:16:17.037"
"df2c0a34-f874-4d40-99b2-11b8d636f7be","14740",,"2008-06-30T00:07:09.833"
"5645dad5-09cb-4abd-bc5f-75a80434d63c","17666",,"2026-01-22T13:50:46.135"
"70b8112a-1169-4c93-ac07-2cbbfc31712c","3377",,"1999-01-02T18:13:41.240"
"248376a9-59bf-48ce-9241-2b14ef29b07b","18810",,"2055-06-29T19:46:39.422"
"3aa59444-bdcd-4d81-939d-f69f9cd9958f","17138",,"2075-08-31T19:32:19.362"
"7f383b83-d1a4-45a5-8c31-4960956b26d1","19195",,"2096-12-07T16:15:39.126"
"acdcd2f0-b9fa-4dea-b1ca-e36492facddf","18183",,"2070-03-04T09:12:48.796"
"739c6810-1b06-4070-8ad3-2325c8e84089","12144",,"2095-08-21T20:41:50.954"
"3cc836c8-dc83-47e1-a1dd-b908d0615203","8558",,"2071-02-22T01:45:10.390"
"c941f4f5-2400-4c1a-b0ba-67eacdaafe6d","6446",,"2067-08-15T10:48:27.978"
"6e7f001c-6d67-43c3-8072-67c0edd5b02f","13409",,"2050-04-13T18:59:45.689"
"60c23274-0f7a-42ec-a76a-72743f4784ee","13442",,"2014-06-26T11:06:58.429"
"6861eb82-a2ad-40a8-849e-89e07bf05c4d","4719",,"2088-07-24T07:45:49.411"
"40c63983-9eb7-4765-9b80-f07b0fb709ba","8404",,"2017-01-09T07:04:09.875"
"bdb17d45-8e41-4980-8871-2568e5a54ef7","2189",,"2003-07-09T12:13:52.115"
"daf59026-68b9-4802-911c-df3049c89a56","8382",,"2014-08-10T23:34:57.036"
"d095d518-6992-4e6b-854c-7fdaf92417d7","1056",,"2019-02-07T12:56:46.794"
"820c356f-6bf9-4fa6-97bd-9d71b274a0d6","19459",,"2058-01-07T15:16:45.308"
"1c04a02a-dc52-468a-8c7c-cf8845e8941c","16445",,"2048-02-18T14:09:26.613"
"aed63f9b-bff2-41b0-8ffc-c7ca9c439615","10307",,"1996-05-10T20:36:00.164"
"dec0b6cc-10a1-4b17-b740-157e5ec10919","7799",,"2045-06-26T07:17:19.872"
"c54f4e5b-2358-4327-97cb-3801d322502e","5313",,"2070-09-13T18:25:39.128"
"61ff811e-db4d-4b6c-889d-e69b8abeaf00","10362",,"2097-09-09T21:46:54.167"
"991b4230-1fa6-4165-9b84-5727410637ff","3872",,"2097-08-10T12:42:26.867"
"1e189415-f693-487e-83df-a8c845182366","6369",,"2054-12-02T13:11:18.286"
"a1db09e2-c684-4637-933e-fba519e187f9","6743",,"2096-07-15T15:56:54.888"
"8f1f492b-327c-4310-ad71-aab12d7876ff","4664",,"2006-08-09T01:03:37.970"
"7c6d6c3d-81d1-4f68-8f24-044e1ef88ed8","7084",,"2092-04-17T23:11:08.366"
"e0f71a80-395d-48f3-a75f-a3371987d8a4","7238",,"2007-06-16T13:13:50.914"
"5fd7116d-53c4-49da-b1b7-566ac848816c","4543",,"1998-01-07T02:40:59.970"
"57078d3e-aeaa-4327-b202-cd78161b3cf6","5874",,"2044-08-24T11:03:42.324"
"8c1632fa-df1f-4732-870d-3304d53283c3","19646",,"1998-03-02T06:23:23.073"
"e7c33d16-e06b-4df6-9dc8-ee82770da19b","13651",,"2047-06-19T16:15:10.036"
"6501fb55-d82f-44a3-bf02-3a6f6777c459","1243",,"1996-01-29T05:33:25.784"
"ff0c6e52-0946-4385-98e0-cfb27655dc0a","16368",,"2021-02-16T11:44:36.999"
"ed4b9e10-fe07-4d2a-a5c8-cc7577cc0db7","19074",,"2038-09-28T10:53:33.252"
"e249fe61-0aa8-4af6-a25a-91e63c476926","2211",,"2080-10-26T15:51:47.353"
"7cb48148-6a05-48cb-b5a9-4a08e07ea03a","11528",,"2028-08-22T04:18:36.381"
"92dd1e13-9528-4b54-b912-63cc2338eda7","17226",,"2053-11-03T03:12:53.016"
"1c5f2d55-10c2-4712-a5df-21428aef9893","18546",,"2051-01-06T05:19:26.654"
"553f0d1a-3acd-4845-a360-3b1061fc1c71","4752",,"2063-11-23T11:23:39.962"
"47854dbd-6fa7-4e91-9d9e-dfa4e22ac7af","6941",,"2065-11-03T23:32:45.069"
"e784d7de-5ee6-40d1-9d4f-258a8b3ae2f0","16401",,"1993-04-17T00:13:50.116"
"fb7a037f-6e60-482b-aacb-daca59e8b912","15367",,"2081-12-05T18:52:14.590"
"e794f5e7-4f49-427c-821d-bc9c9d562e90","16203",,"2043-07-21T01:07:27.880"
"b24004ba-52fd-4284-b643-5072f61bf43a","19140",,"2050-07-14T21:48:53.479"
"bf922770-d219-47a2-b39d-6ad6589563b6","7018",,"1992-10-19T02:32:38.915"
"568dbe49-b39b-4102-b531-6e01fe548e84","12782",,"2076-03-14T07:01:38.378"
"42eaa1cc-e064-4f5a-956e-1d349cf7faed","4477",,"2025-12-28T10:50:52.006"
"385c869e-d3a2-487e-aaa7-f09105d86873","17182",,"2058-09-10T04:05:18.908"
"8353353f-f933-47b3-bff3-065294d4f13c","18216",,"2081-02-06T13:21:43.812"
"a44ba37e-0724-4d1b-9573-aa5f5e49aadb","14245",,"2061-09-06T17:52:27.733"
"76c1b03c-ab67-4fd3-97b2-18344701d640","9328",,"2050-11-04T13:35:02.099"
"1dc67a7e-e66e-42f6-b57a-eef8247c37ae","15125",,"2077-12-02T19:07:42.460"
"3f9b92a3-9734-4d97-9618-a4faa2caa814","3465",,"2023-09-07T20:11:16.598"
"4dc989da-36cf-498c-8157-343ebe19bdbe","13002",,"2057-02-11T04:02:02.044"
"368068c9-e238-4f97-9c6a-de5743979b8d","13354",,"2086-08-08T14:55:29.069"
"ba854f52-7172-4630-ba88-1c722c157f67","1716",,"1999-04-08T01:05:53.877"
"66151c08-e9aa-4313-95ed-8b2908ce2946","1793",,"2045-01-05T11:17:40.122"
"04598bb0-58f8-491e-98e9-c677659fa168","759",,"2017-12-04T01:43:17.469"
"c36a6aef-085a-42e8-87bf-7f3e4a9dd750","12562",,"1994-02-26T14:17:18.134"
"6886e2c7-5ff9-47b3-9312-70c562f7b4f9","17127",,"2073-11-10T18:02:19.173"
"841f73e1-d900-41d4-b31f-eff8af31fe3d","5973",,"1993-08-12T13:09:36.551"
"afbe882b-f7b7-4fba-90ff-fc70c26b79f8","4136",,"2053-11-24T17:10:25.885"
"d5c5ee8b-88a6-4851-af2b-25e543fbc4da","14630",,"2072-04-03T02:05:17.227"
"4410f174-8d7d-4c61-90d6-5345aa02e217","1617",,"2074-04-23T09:39:34.862"
"ccc2bbf5-647b-41fc-b296-8c512176b365","2233",,"2092-11-29T05:16:43.881"
"9398b21a-d7d2-4651-a44c-f71ab9fad095","15015",,"2046-02-02T05:29:26.805"
"d43f2795-c0d8-4efb-b94a-9f02d349ab1b","10472",,"2082-03-02T03:32:29.423"
"7a51b849-0dad-45a0-8ec3-bc04820b8a67","17160",,"2015-05-27T11:06:24.063"
"4170516a-46a2-4134-9f69-71f3f30d1d04","14146",,"2049-11-13T03:36:51.779"
"f9500a19-e831-4867-9fb7-654040255474","16302",,"2014-01-12T10:14:20.617"
"bc85442b-b808-47b3-a3ea-e1b96a07e3cb","5907",,"2091-11-08T20:13:45.130"
"25ccec44-b3ba-4827-b583-35b861e4e989","13497",,"2041-06-29T08:42:06.966"
"8c6c0366-75fd-491b-8396-f6a49370cf3c","6259",,"2073-06-14T07:31:29.735"
"69d829f2-56da-483d-892e-eeb9f8b572d6","10351",,"2042-12-18T14:02:03.260"
"cecb1d70-5849-4d9e-ad1b-967e9f961f4d","19569",,"2033-08-16T05:47:32.596"
"d6cbb855-1f2a-4e72-8fe4-110b154cb74d","1463",,"2016-07-06T10:20:59.702"
"95b7dc28-c9d9-4d30-9272-2bdbb1c105aa","2651",,"2041-09-08T09:17:07.310"
"8d82a69a-c5d2-42fc-adac-dafad2f87dc6","8052",,"2072-01-19T10:17:02.925"
"38a16042-9fc5-4d1c-8843-a5eaa254451c","4719",,"2008-11-22T08:09:39.584"
"9424f487-06df-4719-bc2f-ad6374fb0be4","2244",,"2061-09-27T06:48:55.426"
"b2a26339-b921-4df1-8f5d-456f2d407b39","1980",,"2053-04-10T19:06:57.843"
"e6650345-024a-450d-a34f-a96f6f14d650","16918",,"2043-02-07T23:34:46.179"
"7eb04cf3-ae76-46dd-b1c8-5a112321f0ea","15510",,"1995-12-28T01:31:16.058"
"2af7e3c2-d558-46ec-a565-2c4c5cba7cc4","13101",,"2017-04-29T10:05:35.082"
"60fc724d-0b77-4042-af77-d7434c32d24d","2717",,"2006-10-31T01:42:59.581"
"3a1449f2-bea7-4e93-b279-b992a48fc635","16335",,"2034-12-22T08:19:03.166"
"7d70397b-0433-44aa-ae35-7a7391caad73","3388",,"1999-03-25T07:35:24.485"
"a36feb1e-b1a5-4be9-ac0e-53f289af67ed","13244",,"2056-12-28T03:04:41.048"
"47dfaee8-caed-41a7-b706-8976c1e4bdaa","6182",,"2044-03-10T04:06:26.141"
"8d8f0c19-4a1b-4296-9a04-a2789aa55954","17402",,"2090-05-15T14:12:12.012"
"bcdd9682-dfe9-495f-aaec-6a389b181b5e","13178",,"2056-03-17T18:30:25.730"
"0156c0c3-200f-473c-91bf-e7fc07b967db","4851",,"2008-08-10T03:53:36.925"
"aff39179-1931-4215-a9fc-38f07abe2e3d","17567",,"2054-04-14T13:31:18.175"
"29ef9a42-8a2c-469b-873e-e3f0b0b6890d","16478",,"2034-05-21T23:01:41.305"
"76e9f772-2b6e-4d6a-ac7e-37782ad43ff2","6831",,"2009-07-01T22:09:46.850"
"2f40d343-0855-4945-b895-4a0ab69daa0c","14476",,"2053-01-15T06:00:25.126"
"643a3073-8cc5-4ffc-be44-277e373d541a","11297",,"2077-11-07T06:26:43.193"
"c821a465-2c07-4429-a724-a8b2ede45934","19701",,"2098-12-25T15:03:09.805"
"10e842dc-fc36-48e6-8214-49e85c4100aa","10076",,"1990-07-29T10:48:17.290"
"f6b4319d-61f8-4b2b-9e8f-297962db68d7","19679",,"2070-08-15T13:05:19.739"
"cecaa931-a69f-4263-af82-8cb35eb029f0","17512",,"1993-10-05T21:50:46.048"
"a48a0e1b-a3cc-40a3-acd1-6427497b2deb","8129",,"2031-04-03T19:06:40.790"
"b0d3c120-2efb-42c6-808f-6bb7bcae6c59","11957",,"2079-07-18T04:06:01.698"
"a82a935d-beb9-4b21-a01e-5c3d5dd8fe63","2970",,"2032-09-07T02:47:22.349"
"18972ede-e7df-4415-a338-2204d1989066","1793",,"1993-07-27T18:16:42.683"
"e3b6fdd7-7384-4e0f-95cb-4cd9e4aa0b70","13937",,"2009-02-26T22:42:27.684"
"6b9eb2d2-9e76-48b1-9e38-781195b08dc7","15092",,"2065-12-26T06:44:33.047"
"9c098cdc-bb99-40c4-b976-311f5203eb0e","15136",,"1995-08-05T22:02:47.069"
"068eab41-3bce-46c8-a5e7-af986cf9eecf","7425",,"1995-06-29T20:21:18.204"
"51998b3f-2108-4acc-9aa0-2e8e0ff2c15d","18480",,"2028-10-16T16:18:43.220"
"e7ee5d63-613f-410a-af48-5c3c7e205b2b","10582",,"2071-06-28T03:37:12.991"
"1fd1af57-e7a5-464b-94e3-8f17fab39453","4972",,"1992-10-21T15:21:00.548"
"e9eccdf5-32a7-4646-94ca-984be7c53276","18898",,"1997-08-27T11:36:38.375"
"91eb2f6c-c94f-47c1-9250-dda1d465b36f","14784",,"1996-08-10T19:49:49.312"
"fa1261fc-9366-4973-9bcb-a63ce7683995","14454",,"2067-01-20T18:38:55.971"
"540bd9a3-4ce1-49ad-8ce9-cc08ee6919ce","4103",,"2062-12-21T05:05:50.760"
"928f66c2-dcdc-40a2-b23b-d8a58e7ff30a","12529",,"2073-01-15T10:05:04.876"
"0e0b8488-69c2-4edd-8e13-95a4a6eedd8f","3685",,"1991-05-19T04:28:44.320"
"b05fe7eb-5d64-4699-b240-bd6353f6afc4","4136",,"2045-11-27T07:37:41.660"
"6287ffbe-6ba7-4876-b8ed-b0aabf5e393c","18183",,"2033-08-06T21:00:44.843"
"02ffd1e4-74f9-44f0-8bb9-c2eb62899eba","15048",,"2030-10-17T21:46:37.094"
"8efb77e0-b78d-4e34-a53e-d1b76eaf43ea","6149",,"2061-02-06T01:17:20.804"
"d50dbcff-f0ee-4944-95de-0fd8ccaad32b","2915",,"2026-07-23T14:33:35.186"
"644deb04-e63f-496c-8002-7f718807ab83","7183",,"2018-07-22T17:54:26.887"
"71363f6b-223c-4f8a-8759-7e5953d263c3","15928",,"2013-05-20T07:23:18.061"
"70999fd0-f6d5-42dc-847f-b99546523327","18535",,"1996-07-11T22:14:29.101"
"d1443b56-b2ba-41a0-a771-a508a4dcd54a","17061",,"2074-12-01T08:56:03.368"
"05915d10-5220-49b4-b40b-d8e5db6df1cc","7964",,"1994-08-27T00:24:31.860"
"3eeee771-d045-44e2-bdbb-1b322c1ce107","14696",,"2001-04-07T19:56:21.007"
"0477ee82-3f9f-4880-a47e-d657bb6fb2e1","18590",,"2048-08-09T21:40:08.104"
"19f9dbf9-9b11-4f05-ba62-9c234c1e2aa3","759",,"2024-01-07T23:33:58.201"
"b11b0538-10b1-4b44-a172-ee07ce5e8242","3036",,"2048-03-28T11:50:43.813"
"6bc7b445-0cc9-497f-8f52-864751e6157d","15378",,"2014-04-25T18:53:19.912"
"b8c68972-1b81-4855-a86b-26f4f8b34e30","13035",,"2017-01-15T23:26:10.270"
"be608085-a719-4bd3-b08c-bb2f4e5050c5","12683",,"2053-05-19T20:48:42.638"
"7ea6016b-9d24-42a1-b283-c2870e566ee4","9845",,"2092-01-05T20:39:42.253"
"94151d6c-4a90-445e-91d2-c279818d67eb","16170",,"2030-09-22T17:44:16.042"
"69d58960-0f48-4677-94f1-dd5d1c87df5d","14949",,"2057-11-05T13:14:23.508"
"62b87b4f-2be1-4ff7-87f6-1752552026c5","7997",,"2074-06-25T16:16:46.843"
"9eaf7aac-e9f8-450d-a294-963f99207725","15015",,"2030-08-24T07:55:31.994"
"29603b26-fd90-439f-8206-46489ab82981","8635",,"1994-09-13T19:08:57.121"
"5aeb877b-a0f2-484c-b937-57ce99617dfc","2090",,"2002-01-03T04:05:20.237"
"f6d53d2f-0b39-453e-bb67-ea224517e3cb","1958",,"2041-08-07T00:33:17.633"
"62e519b2-b698-45b0-9403-87c857c44b1c","3102",,"2030-07-24T21:42:33.262"
"68d8f2f0-d380-4bb9-974f-0dadfd8fc449","15224",,"2064-07-28T04:59:51.320"
"35f839f4-1ed7-4e2f-b152-97b102de9d04","18799",,"2092-04-07T22:40:56.692"
"b5ea9e5a-bf93-4eb8-91ab-1ebaa6307248","3795",,"2049-06-15T20:16:34.777"
"30fa9730-0fa0-4574-9416-3234edf2b54b","3025",,"2097-04-22T21:21:19.575"
"6372d0cf-a35d-46b0-8ac0-cc32d10b92b3","7040",,"2037-01-27T00:52:40.999"
"6fb10179-ddc5-4d2b-9750-e8feeec0b0c5","14586",,"2069-01-29T04:31:53.936"
"7683db83-6ea6-4583-9749-d1fd4cef5775","11572",,"2043-07-28T09:06:03.236"
"f1997c5a-b8a3-44b0-8f0b-d61537e34653","15257",,"2078-09-27T15:58:59.813"
"5858e2d3-1112-4836-8b0b-ac57c44638ba","13123",,"2059-10-02T20:41:28.599"
"f36cb9d4-8947-46cd-ae67-5de06ea1bfae","7832",,"2020-07-07T22:55:44.660"
"f8b82e67-ce41-408c-87c9-e06bea3f6b91","5632",,"2022-03-27T05:37:10.676"
"3daf7f03-7977-44f0-b234-6d90ea53ba7c","14311",,"2019-10-21T12:13:02.431"
"da324eb8-6c3f-4518-8b09-e343152666ce","3839",,"2075-11-28T18:43:07.819"
"c3eaaf3a-17b0-42bf-abe1-ce84f45b2e64","19338",,"2088-03-04T21:02:26.580"
"1cdbb259-5e2f-4084-8e3e-3fec3324f97b","9724",,"2045-10-25T08:15:22.891"
"90b3f93a-20d2-426d-b272-b16d88552830","9339",,"2013-09-12T02:50:22.117"
"365bab35-fa98-4c16-8209-857e3f5e35e8","13783",,"2005-04-19T18:22:47.620"
"09b7178b-8838-4056-ae30-d9bdc76602ab","7920",,"1993-01-27T03:15:18.167"
"dcd05348-86e9-4727-89a3-d6e5f46c64f6","13541",,"2008-04-02T15:55:56.955"
"38f208e4-a810-4584-a308-2648521199cf","4664",,"2088-12-05T03:32:31.250"
"a547e79f-dd6d-406e-984f-1ac674b93aa3","10428",,"2032-08-05T07:06:00.059"
"5d257a5d-52b3-43b3-b46d-7005125735bb","16434",,"2097-02-10T02:56:43.874"
"6901a67c-9584-4946-9c8c-4ec6878524e3","19129",,"2091-08-07T03:39:35.395"
"828d8c68-61c4-4ec9-b7f4-9ce75659b671","6193",,"2024-02-23T08:34:31.669"
"36f806f4-34cd-49e5-aaf6-00905368613d","18128",,"2068-10-12T02:05:25.143"
"9d08eef3-7b29-4870-aa54-9eed7554b299","14278",,"2037-02-15T03:26:31.918"
"9234209b-5db4-4c18-8d89-571aac92c63d","4862",,"2018-04-03T07:04:26.823"
"fd6b63bb-f9c8-40f5-a285-6d3e7d20620d","2651",,"2058-08-26T08:07:29.286"
"e0509fe0-a6c9-470b-b1af-91a98ca000e4","13827",,"2068-05-08T00:15:55.693"
"dc3f687c-a538-4fe6-8349-c1525ca53702","11495",,"2001-07-20T13:06:48.542"
"842b8638-4446-4884-8599-ab60d3393e0f","7964",,"2053-08-29T02:07:44.900"
"d2313042-0aaa-4df6-98c5-dba59dbf27f1","14718",,"2051-03-07T08:51:38.038"
"4bacc56a-60d7-4836-b1c8-9bbbecc49896","18975",,"2040-12-03T12:35:53.783"
"d7340feb-f6df-4ace-b35a-c7274356c227","14091",,"2084-01-09T02:25:15.421"
"ea133ed8-9b03-4455-9289-626122fa7e9d","18370",,"2060-01-27T15:05:59.841"
"4e764891-04f0-448d-b10f-83eede13692d","11693",,"2079-03-26T16:15:32.254"
"a7cd876f-4eac-47ec-a77d-e734d8f6e08a","2728",,"2047-10-18T03:19:51.509"
"2da5e190-19ac-452c-aaee-b7e285cd7a3b","13321",,"2091-09-17T07:00:16.356"
"97d79b9c-f882-4b86-9b1f-60af1c3005d1","12408",,"2002-11-11T19:21:29.779"
"8972dfd8-2699-4103-92b6-dfae22f4a48a","11077",,"2053-02-01T03:02:07.916"
"0f2890f9-831d-4a7b-bd9e-1b53c4649ea2","13717",,"2063-07-08T19:03:34.313"
"452a24bd-0ca1-4b70-ab39-3683971eed25","12529",,"2022-03-07T15:03:40.425"
"c42ee793-e4f4-4678-a755-87aa4913d068","2893",,"2072-06-09T17:53:41.239"
"7f00a583-bd55-45b6-95dd-054c268e16e1","10582",,"2063-09-03T14:36:46.435"
"8e92069b-e29b-406b-8732-9616d4ec1ef9","4125",,"2018-08-01T05:04:13.931"
"8de2b6a3-95fd-48cb-8ad3-87f9c1826365","5489",,"2080-07-09T08:01:11.091"
"ea144e69-1057-4762-ab7a-7b1eac191dbf","11869",,"2019-10-12T08:15:07.027"
"19c0efef-0efa-48b5-b670-6473e1117aef","19327",,"2093-11-28T16:09:48.391"
"523d3e66-2f97-40a7-9402-defc5719823d","4983",,"2088-10-29T14:10:12.024"
"1a2db079-2039-4dee-af32-87b3df6f3737","2882",,"2095-12-19T19:45:27.424"
"be0a5118-65d5-405c-b935-d640af80aa22","19063",,"2063-12-13T23:36:17.697"
"7d00e5c0-444a-4895-9832-502ffe0bd5cb","8294",,"2084-10-28T22:31:12.071"
"3729b1e9-8f34-4775-96d2-7491d6c29796","10153",,"1995-01-21T06:00:09.318"
"60362e99-efff-4b06-87c9-92b8fb870e8e","10967",,"2054-03-09T03:40:12.700"
"0daa7e0f-ecd8-4f03-b33c-884ede5f49a9","1122",,"2047-05-16T04:44:43.679"
"433430b8-3ff4-4e3b-8f7c-9175bd11b1b4","13112",,"2036-03-12T07:04:21.894"
"c8ee87a9-9c98-49dc-b203-1162264f2cb7","2222",,"2018-12-14T09:41:38.035"
"4eb55a9f-e72a-458e-83e1-b8e69654cb23","9262",,"2046-03-08T22:33:10.223"
"65e7881c-77cb-4135-921c-3b77d016fbce","10593",,"1994-01-31T00:08:19.669"
"1e7705f6-3543-4d64-a3c2-5c2a8f751e1c","14938",,"2012-08-28T00:19:52.676"
"7b846ff7-86e5-405e-a76a-695a5a31305b","18832",,"2026-02-11T13:35:24.035"
"b4ab62fc-d2b4-4c83-9a49-03f508d74767","9911",,"2009-12-14T12:42:17.175"
"3f65a3b5-e43c-4cf4-861e-90bb4916b01a","9262",,"2015-10-31T01:50:53.952"
"dae2f168-c711-4511-a667-45d1f4718b9d","12848",,"2030-10-21T13:51:03.109"
"3644b804-f833-4e17-b3a6-d552d687f200","16676",,"2067-04-18T02:57:33.489"
"d435c0ce-1904-4875-9d06-c9b323f570e1","10637",,"2007-04-16T00:24:31.529"
"401c9ab5-dfa3-484c-864e-86c888290767","19327",,"2092-05-09T08:51:28.210"
"837e3404-ace4-4ec7-9afc-e19e281695af","18480",,"2086-10-31T15:16:24.914"
"a9cae704-72dc-44e4-80b7-9f4e2b81c7fd","9130",,"2041-09-08T08:47:20.328"
"65179107-bba7-46e8-b6cf-0d63850d40df","15675",,"2096-09-22T13:08:49.883"
"0c6ebf83-8735-4f60-8006-50b95d7795c1","15719",,"2050-02-08T18:25:02.307"
"22c286ad-65f7-44f3-bcea-659403b1eb92","17424",,"2018-11-02T21:47:04.970"
"46efcc42-db87-4369-bfc0-4075f197bcf7","1947",,"2048-07-31T13:47:40.724"
"72894b99-d488-4c1f-99fe-9c35282c35cc","18524",,"2065-09-07T04:27:57.607"
"ad550af3-632a-459a-9f35-da6aba7befdb","8569",,"2039-11-07T12:20:37.076"
"4c4aa862-4576-4cef-b747-2f1da28dc26d","10263",,"2028-06-07T20:50:50.118"
"230b98c2-cd65-4fa9-bfc2-14a56a4160d4","8096",,"2077-05-08T02:43:32.148"
"557d502c-d056-49f8-a1aa-15238aa515d1","11572",,"2053-04-09T22:39:52.738"
"80c1e2fb-0c05-4d66-bad9-ee77fe4bac57","7656",,"2077-12-13T01:07:03.880"
"24d0a520-eb07-464c-9201-5d34d01b34b4","2266",,"2013-03-21T07:25:38.441"
"4ae22c69-b7ac-48dd-b2d3-b09eb0cde287","5060",,"2060-05-18T06:04:22.618"
"98f39434-fd96-4617-909c-9b3bc5f718fd","18568",,"2093-01-30T14:33:50.398"
"1cb3ba3b-4cb6-44aa-a2e0-6070ab44e8f0","13959",,"2063-08-05T22:23:20.220"
"ed9e7964-b400-4a95-bf0f-6827320aba5c","18403",,"2018-07-30T20:34:05.013"
"62b2a124-854c-41f9-a213-4b93072a7e15","14729",,"2031-10-21T00:03:20.320"
"3be83f48-d65e-4386-bb19-1b0c7277b1bf","1188",,"2020-01-08T10:38:55.017"
"9cf3b6b4-351e-4349-b2ea-3e6e7b69111a","13541",,"1995-01-10T17:34:07.039"
"a8c8dec3-2595-4da3-ae82-90a9fdf7fd06","10615",,"2067-11-17T16:05:41.950"
"12e1f0c9-973d-4b66-ad1c-4052daacf755","16599",,"2092-04-21T10:43:24.229"
"ec17b14f-fa96-4ea5-a990-3d0a5f42351e","15587",,"2018-04-15T04:40:52.990"
"34d7bef4-04ba-4fec-b191-98a6a94b5287","19008",,"2033-07-19T21:31:44.247"
"857fe624-f572-452e-9776-19e2d8cb5110","9174",,"2013-08-28T15:01:15.647"
"ffebd32b-d805-4361-90a9-c52b3bedb17b","1177",,"2036-06-28T20:31:54.365"
"cdb1d1a6-6365-44d2-b88a-6575b8847ee1","2442",,"2033-06-28T22:25:44.448"
"5c6f71b3-635c-4457-9b2d-352419005a93","9372",,"2095-04-03T14:19:47.539"
"57cff59b-c1b7-422b-9434-b2bf75b8b2e3","10384",,"2068-06-22T00:00:15.311"
"d423a29e-e847-4f33-bf40-24b31af52d3a","14597",,"2096-03-13T10:45:55.403"
"569e69cb-f568-4665-b075-46ec31f2fa15","12760",,"2080-01-30T14:53:00.352"
"100b888e-987c-4690-bf02-630476533978","8448",,"2008-08-30T00:26:08.753"
"2439476e-57e1-4f9c-92dc-637dbe13ca12","13376",,"2012-09-06T13:24:36.290"
"16def188-b6ca-44c0-974d-058b7ced9cd2","1155",,"2051-03-15T21:54:52.056"
"e3a050e2-12f8-4600-8312-3b6c776bf99b","12188",,"2050-09-19T08:40:24.365"
"9cbde077-82a0-4b84-a12f-33c501621ff0","6479",,"1995-03-22T16:11:52.606"
"20ef5ef8-4a0c-4c36-8cad-11c3528776f4","9075",,"2053-03-18T20:09:46.856"
"6a4f160e-d412-4f17-8238-7717b184f1d9","10857",,"2072-08-26T07:53:07.169"
"93ac7270-2564-4c59-b257-99f3a54c583f","5698",,"2081-11-08T05:00:48.548"
"eb3d0370-94b5-4663-8e87-e9661fe1cfe0","11407",,"2099-02-19T23:53:33.510"
"2b2a8d40-7446-40f0-89bd-61015c082c01","4631",,"2026-12-22T06:52:38.579"
